Артикул,Название,Цена,Наличие,Бренд,Диаметр,Фото
250000549,Heidenau S.17D CROSS 70/100-17 34G,21,Под заказ,Heidenau,17,https://motokolesa.by/images/products/1308_45ba7ec875b784720455e0903a49e0d4.jpg
250000486,Heidenau S.19C CROSS 70/100-19 -(275),20,В наличии,Heidenau,19,https://motokolesa.by/images/products/1309_45ba7ec875b784720455e0903a49e0d4.jpg
250000480,Heidenau S.19D CROSS 100/90-19,22,Под заказ,Heidenau,19,https://motokolesa.by/images/products/1310_45ba7ec875b784720455e0903a49e0d4.jpg
250000481,Heidenau S.19E CROSS 3.25 110/90 120/90-130/70-19,26,В наличии,Heidenau,19,https://motokolesa.by/images/products/1311_45ba7ec875b784720455e0903a49e0d4.jpg
155574,Michelin CH. 10 MBR VALVE TR4,13,Под заказ,Michelin,10,https://motokolesa.by/images/products/1312_0f0a1780ed6bde8ec17f01d30010dbd8.jpg
605348,Michelin CH. 15MI VALVE 2171,26,В наличии,Michelin,15,https://motokolesa.by/images/products/1313_0f0a1780ed6bde8ec17f01d30010dbd8.jpg
12116,Michelin CH. 15MJ VALVE 2171,24,В наличии,Michelin,15,https://motokolesa.by/images/products/1314_0f0a1780ed6bde8ec17f01d30010dbd8.jpg
99604,Michelin CH. 16MI VALVE 2171,26,В наличии,Michelin,16,https://motokolesa.by/images/products/1315_0f0a1780ed6bde8ec17f01d30010dbd8.jpg
959484,Michelin CH. 16MI2 VALVE TR4,21,В наличии,Michelin ,16,https://motokolesa.by/images/products/1375_0f0a1780ed6bde8ec17f01d30010dbd8.jpg
524451,Michelin CH. 17MC VALVE TR4,17,В наличии,Michelin,17,https://motokolesa.by/images/products/1316_0f0a1780ed6bde8ec17f01d30010dbd8.jpg
143858,Michelin CH. 17MD VALVE TR4,16,В наличии,Michelin ,17,https://motokolesa.by/images/products/1317_0f0a1780ed6bde8ec17f01d30010dbd8.jpg
306786,Michelin CH. 17MG VALVE TR4,17,В наличии,Michelin ,17,https://motokolesa.by/images/products/1318_0f0a1780ed6bde8ec17f01d30010dbd8.jpg
166806,Michelin CH. 17MH VALVE TR4,20,В наличии,Michelin ,17,https://motokolesa.by/images/products/1319_0f0a1780ed6bde8ec17f01d30010dbd8.jpg
899702,Michelin CH. 17MI VALVE TR4,19,В наличии,Michelin ,17,https://motokolesa.by/images/products/1320_0f0a1780ed6bde8ec17f01d30010dbd8.jpg
795250,Michelin CH. 18 MGR VALVE TR4,25,В наличии,Michelin,18,https://motokolesa.by/images/products/1321_0f0a1780ed6bde8ec17f01d30010dbd8.jpg
600967,Michelin CH. 18 UHD LARGE TR4,37,В наличии,Michelin ,18,https://motokolesa.by/images/products/1322_0f0a1780ed6bde8ec17f01d30010dbd8.jpg
34757,Michelin CH. 18 UHD MEDIUM TR4,35,В наличии,Michelin ,18,https://motokolesa.by/images/products/1323_0f0a1780ed6bde8ec17f01d30010dbd8.jpg
718703,Michelin CH. 18ME VALVE TR4,19,В наличии,Michelin,18,https://motokolesa.by/images/products/1324_0f0a1780ed6bde8ec17f01d30010dbd8.jpg
929348,Michelin CH. 18MF VALVE TR4,17,В наличии,Michelin,18,https://motokolesa.by/images/products/1325_0f0a1780ed6bde8ec17f01d30010dbd8.jpg
410943,Michelin CH. 18MG VALVE TR4,17,В наличии,Michelin ,18,https://motokolesa.by/images/products/1326_0f0a1780ed6bde8ec17f01d30010dbd8.jpg
623140,Michelin CH. 19 MFR VALVE TR4,26,В наличии,Michelin ,19,https://motokolesa.by/images/products/1327_0f0a1780ed6bde8ec17f01d30010dbd8.jpg
32532,Michelin CH. 19MF VALVE TR4,17,В наличии,Michelin ,19,https://motokolesa.by/images/products/1328_0f0a1780ed6bde8ec17f01d30010dbd8.jpg
833092,Michelin CH. 21 MDR VALVE TR4,23,В наличии,Michelin ,21,https://motokolesa.by/images/products/1329_0f0a1780ed6bde8ec17f01d30010dbd8.jpg
827203,Michelin CH. 21 UHD TR4,31,В наличии,Michelin,21,https://motokolesa.by/images/products/1330_0f0a1780ed6bde8ec17f01d30010dbd8.jpg
206108,Michelin CH. 21MD VALVE TR4,17,В наличии,Michelin ,21,https://motokolesa.by/images/products/1331_0f0a1780ed6bde8ec17f01d30010dbd8.jpg
125391,Michelin CH. 70/100-17 RSTOP REINF ST30F MI,17,В наличии,Michelin,17,https://motokolesa.by/images/products/1332_0f0a1780ed6bde8ec17f01d30010dbd8.jpg
125392,Michelin CH. 70/100-19 RSTOP REINF ST30F MI,18,В наличии,Michelin,19,https://motokolesa.by/images/products/1333_0f0a1780ed6bde8ec17f01d30010dbd8.jpg
125389,Michelin CH. 90/100-14 RSTOP REINF ST30F MI,17,В наличии,Michelin,14,https://motokolesa.by/images/products/1334_0f0a1780ed6bde8ec17f01d30010dbd8.jpg
125390,Michelin CH. 90/100-16 RSTOP REINF ST30F MI,18,В наличии,Michelin,16,https://motokolesa.by/images/products/1335_0f0a1780ed6bde8ec17f01d30010dbd8.jpg
